basename	size	datetime
o01_negro.jpg	6561	2012-08-10 00:39:46
o02_blanco.jpg	6561	2012-08-10 00:39:46
o03_marron.jpg	6565	2012-08-10 00:39:46
o04_rojo.jpg	6565	2012-08-10 00:39:46
o05_narnaja.jpg	6564	2012-08-10 00:39:46
o06_amarillo.jpg	6565	2012-08-10 00:39:46
o07_verde.jpg	6564	2012-08-10 00:39:46
o08_verdeoscuro.jpg	6565	2012-08-10 00:39:46
o09_azulclaro.jpg	6564	2012-08-10 00:39:46
o10_azul_oscuro.jpg	6565	2012-08-10 00:39:46
o11_magenta.jpg	6564	2012-08-10 00:39:46
o12_morado.jpg	6565	2012-08-10 00:39:46
